CodeDépartement,Département,Inscrits,Abstentions,Abstentions_ins,Votants,Votants_ins,Blancs,Blancs_ins,Blancs_vot,Nuls,Nuls_ins,Nuls_vot,Exprimés,Exprimés_ins,Exprimés_vot,LE PEN,MACRON,MÉLENCHON,FILLON,HAMON,DUPONT-AIGNAN,LASSALLE,POUTOU,ASSELINEAU,ARTHAUD,CHEMINADE,LE PEN_ins,MACRON_ins,MÉLENCHON_ins,FILLON_ins,HAMON_ins,DUPONT-AIGNAN_ins,LASSALLE_ins,POUTOU_ins,ASSELINEAU_ins,ARTHAUD_ins,CHEMINADE_ins,LE PEN_exp,MACRON_exp,MÉLENCHON_exp,FILLON_exp,HAMON_exp,DUPONT-AIGNAN_exp,LASSALLE_exp,POUTOU_exp,ASSELINEAU_exp,ARTHAUD_exp,CHEMINADE_exp
01,Ain,415909,81530,19.602845814829685,334379,80.39715418517032,6342,1.5248527923175503,1.8966502082965737,2239,0.538338915483916,0.6695994664736721,325798,78.33396247736884,97.43375032522975,81455,73692,51736,69804,16711,19788,3465,3098,3612,1842,595,19.584813024002848,17.718298954819446,12.43925954956493,16.783479078356084,4.01794623343087,4.75777153175334,0.833114936199986,0.7448744797539847,0.8684592062205916,0.4428853427071788,0.14306014055959357,25.001688162603823,22.61892338197288,15.879778267515455,21.425545890398347,5.129251867721718,6.073702109896316,1.0635424404078602,0.9508959539346465,1.1086624227281936,0.5653810029527498,0.18262849986801638
02,Aisne,375752,80183,21.33934084183185,295569,78.66065915816816,5047,1.3431731567629712,1.7075539045028403,2323,0.6182269156251996,0.7859416921260348,288199,76.69925908577999,97.50650440337112,102787,51693,48959,46985,12231,14652,2265,3156,2171,2764,536,27.355010751772447,13.757212203793992,13.02960463284294,12.50425812770125,3.255072494624114,3.899380442419468,0.6027912027081692,0.8399156890715153,0.577774702463327,0.7355915603908961,0.142647277991867,35.66528683305633,17.936564665387458,16.98791460067523,16.302971210864715,4.243942553582768,5.083987106131527,0.7859152877005124,1.0950766657760784,0.7532989358047738,0.9590595387215083,0.18598260229910582
03,Allier,253946,54357,21.40494435824939,199589,78.5950556417506,4240,1.669646302757279,2.1243655712489167,2556,1.006513195718775,1.280631698139677,192793,75.91889614327455,96.5950027306114,43071,45744,38324,36499,10639,9819,2988,2328,1483,1543,355,16.960692430674236,18.013278413520986,15.091397383695746,14.372740661400455,4.189473352602522,3.86657005820135,1.176628102037441,0.9167303284950344,0.5839824214596804,0.6076094917817174,0.1397934994053854,22.340541409698485,23.727002536399144,19.87831508405388,18.931703951906968,5.518353882143024,5.093027236466054,1.549848801564372,1.2075127208975431,0.7692187994377389,0.8003402613165416,0.18413531611624903
04,Alpes-de-Haute-Provence,126578,24323,19.21581949469892,102255,80.78418050530108,1806,1.4267882254420199,1.766172803285903,736,0.5814596533362828,0.7197692044398807,99713,78.77593262652277,97.51405799227422,24463,19960,22448,18442,4983,4860,1721,1178,932,521,205,19.326423233105277,15.768932989935061,17.734519426756624,14.569672454928975,3.936703060563447,3.8395297761064326,1.3596359556953024,0.9306514560192134,0.7363048871051842,0.4116039122122328,0.16195547409502442,24.533410889252153,20.017450081734577,22.512611194127143,18.495080882131717,4.997342372609389,4.873988346554612,1.725953486506273,1.181390590996159,0.9346825388866045,0.5224995737767393,0.20559004342462867
05,Hautes-Alpes,109907,20821,18.944198276724865,89086,81.05580172327514,1541,1.4020944980756458,1.7297891924657072,618,0.5622935754774491,0.6937116943178502,86927,79.09141364972204,97.57649911321644,18474,18948,18796,16645,5109,4938,1609,1049,783,411,165,16.808756494126854,17.24003020735713,17.101731463874003,15.144622271556862,4.648475529311145,4.492889442892627,1.4639649885812551,0.9544433020644727,0.7124205009690011,0.3739525234971385,0.15012692549155193,21.25231516099716,21.79760028529686,21.622740920542523,19.148250831157178,5.877345358749295,5.68062857340067,1.8509784071692341,1.206759694916424,0.9007558065963395,0.47281051917125866,0.18981444200306005
06,Alpes-Maritimes,761761,161905,21.254041621978548,599856,78.74595837802146,9028,1.1851486227307515,1.505027873356272,2908,0.38174703089289164,0.4847830145901683,587920,77.17906272439781,98.01018911205355,163140,111943,87941,161035,21067,25175,5262,3622,6067,1729,939,21.41616596281511,14.695291567827704,11.54443454049236,21.13983257215846,2.7655655776549337,3.3048423324376017,0.6907678392566697,0.4754772166073086,0.7964440290327282,0.22697407717118626,0.12326700894375008,27.74867328888284,19.040515716424004,14.957987481289972,27.390631378418835,3.5833106545108175,4.282045176214451,0.8950197305755886,0.6160702136345081,1.0319431215131312,0.2940876309702,0.1597156075656552
07,Ardèche,249260,46619,18.70296076386103,202641,81.29703923613897,3901,1.5650324961887185,1.9250793274806184,1667,0.6687795875792346,0.8226370773930252,197073,79.06322715237101,97.25228359512636,45588,42703,42880,34182,11844,9994,3581,2623,1985,1317,376,18.289336435850117,17.13191045494664,17.202920645109522,13.713391639252187,4.751664928187435,4.0094680253550505,1.4366524913744685,1.052314851961807,0.7963572173633957,0.5283639573136484,0.15084650565674396,23.132544793046232,21.668620257468042,21.758434691713223,17.344841759145087,6.009955701694296,5.071217264668423,1.8170931583727856,1.3309788758480359,1.0072409716196538,0.6682802819259868,0.19079224449823162
08,Ardennes,194379,44076,22.675288997268222,150303,77.32471100273177,2552,1.3128990271582837,1.6979035681257193,948,0.4877070053863843,0.6307259336140996,146803,75.52410497018711,97.67137049826017,47578,26912,26172,25273,7234,7810,1406,1693,1080,1378,267,24.476923947545774,13.845117013669173,13.464417452502586,13.001918931571826,3.721595439836608,4.017923746906816,0.7233291662165152,0.870978860885178,0.5556155757566403,0.7089243179561578,0.1373605173398361,32.40941942603352,18.332050434936615,17.827973542775013,17.215588237297602,4.927692213374386,5.320054767273148,0.9577460951070482,1.1532461870670216,0.7356797885601793,0.9386729154036362,0.1818763921718221
09,Ariège,117409,21392,18.220068308221688,96017,81.77993169177832,1728,1.4717781430725072,1.7996813064353185,901,0.7674028396460237,0.9383754960059156,93388,79.54075070905978,97.26194319755876,20264,19529,25000,11901,7339,3371,3305,1183,799,557,140,17.25932424260491,16.63330749772164,21.293086560655485,10.136360926334438,6.250798490746025,2.8711597918387857,2.8149460433186553,1.0075888560502175,0.6805270464785493,0.4744099685714043,0.11924128473967072,21.698719321540242,20.91168030153767,26.770034693964963,12.74360731571508,7.858611384760354,3.6096714781342354,3.5389985865421685,1.266758041718422,0.8555703088191202,0.5964363729815394,0.1499121942862038
10,Aube,203847,38951,19.10795841979524,164896,80.89204158020476,2745,1.3465981839320667,1.6646856200271687,1083,0.5312808135513399,0.6567776052784785,161068,79.01416258272135,97.67853677469435,48846,30565,22496,37122,6545,10235,1159,1387,1317,1107,289,23.9620892139693,14.99408870378274,11.035727776224324,18.210716861175293,3.210741389375365,5.020922554661094,0.568563677660206,0.6804122699868038,0.6460727898865325,0.5430543495857187,0.14177299641397714,30.32632180197184,18.976457148533537,13.966771798246702,23.04740854794248,4.063501129957533,6.35445898626667,0.7195718578488589,0.8611269774256836,0.817667072292448,0.6872873568927409,0.17942732262150146
11,Aude,272724,52568,19.275164635308958,220156,80.72483536469105,3848,1.4109502647365102,1.747851523465179,1955,0.7168419354365586,0.8880066861679901,214353,78.59704316451797,97.36414179036683,60584,43012,46123,32280,13614,8265,4642,2507,1783,1195,348,22.214399906132208,15.771255921737728,16.91196961030199,11.836142033704403,4.9918599023188275,3.0305363664363973,1.702087091711767,0.91924436426570455,0.6537745119608103,0.4381719247297634,0.12760153121837461,28.263658544550346,20.065965953357313,21.517310231254054,15.059271388783921,6.3512057214034785,3.8557892821653996,2.165586672451517,1.1695660895812048,0.8318054797460265,0.5574916142997766,0.16234902240696422
12,Aveyron,218442,36544,16.72938354345776,181898,83.27061645654223,3545,1.6228564103972678,1.9488944353428845,1891,0.8656760146858206,1.0395936184015218,176462,80.78208403145915,97.0115119462556,28588,45583,34689,36664,10878,8554,6461,2322,1304,1106,313,13.08722681535602,20.867324049404417,15.88018787595792,16.784318034077696,4.979811574697174,3.9159136063577513,2.9577645324617063,1.0629823934957563,0.5969547980699682,0.5063128885470742,0.14328746303366569,16.20065509854813,25.831623805691876,19.658056692092348,20.77727782752094,6.164500005666943,4.847502578458818,3.661411522027405,1.315864038716551,0.7389692965057633,0.6267638358400109,0.17737529893121465
13,Bouches-du-Rhône,1372396,300148,21.870363947432082,1072248,78.12963605256792,16554,1.2062116182209799,1.5438592564406741,5995,0.4368272714289461,0.5591057292715864,1049699,76.48659716291799,97.89703501428774,286397,203312,231194,207467,47564,40447,10040,8006,9418,4114,1740,20.86839367063151,14.814383020644186,16.84601237543683,15.117138202093273,3.4657635259793818,2.9471814257692386,0.731567273585758,0.583359321944978,0.6862450779512619,0.29976770553105664,0.12678556335051983,27.283726096719157,19.368599951033584,22.02478996359909,19.76442770737135,4.531203706967426,3.853199822044224,0.9564646627271247,0.7626948296606932,0.8972095810322769,0.3919218747469513,0.16576180409812719
14,Calvados,501153,90313,18.021043473749536,410840,81.97895652625047,6292,1.255504805917554,1.531496446305131,2926,0.5838536335211003,0.7121993963586798,401622,80.13959808681182,97.75630415733619,81770,99720,75620,82340,27293,20079,2911,5269,2830,3099,691,16.316374440540116,19.898114946932374,15.08920429489597,16.430112161355915,5.446041428465957,4.006560870632322,0.5808605356048951,1.0513755280323573,0.5646978068573868,0.6183740294880007,0.13788204400652096,20.35994044150968,24.829317119082123,18.828649824959786,20.501864937677716,6.795693463007504,4.999477120277276,0.7248108918336147,1.3119301233498164,0.704642673957104,0.771621076534652,0.1720523278107275
15,Cantal,117425,22767,19.38854588034916,94658,80.61145411965084,2113,1.7994464551841602,2.232246614126645,979,0.8337236533957846,1.0342496144013185,91566,77.9782840110709,96.73350377147204,16635,24483,14566,21589,4810,4047,2840,1179,527,692,198,14.166489248456463,20.849904194166488,12.404513519267619,18.38535235256547,4.096231637215244,3.446455184160102,2.418565041515861,1.0040451351926762,0.4487971045348095,0.589312327017245,0.1686182669789227,18.167223641963172,26.73809055763056,15.907651311622217,23.577528777056987,5.253041521962301,4.419762794050194,3.1015879256492584,1.287595832514252,0.5755411397243518,0.7557390297708757,0.21623746805582858
16,Charente,259954,54980,21.149895750786676,204974,78.85010424921333,3736,1.43717734676135,1.8226701923170743,2225,0.8559206628865107,1.0855035272766302,199013,76.55700623956547,97.0918262804063,42598,49889,40755,33744,12569,10008,3085,2724,1540,1651,450,16.386745347253743,19.191472337413543,15.677773759972919,12.980758134131424,4.835086207559799,3.8499119074913253,1.1867484247212967,1.0478777014394856,0.5924125037506636,0.6351123660339906,0.17310754979727183,21.404631858220316,25.06821162436625,20.478561701999368,16.95567626235472,6.315667820695131,5.028817212945888,1.5501499902016451,1.3687548049624898,0.7738187957570611,0.8295940466200701,0.2261158818770633
17,Charente-Maritime,491374,99354,20.219629040201557,392020,79.78037095979845,6836,1.391200999645891,1.743788582215193,2916,0.5934379922421618,0.743839600020407,382268,77.79573196791038,97.5123718177644,80822,91392,72534,78689,22033,20349,5282,4878,3020,2576,693,16.448163720506173,18.59927468689837,14.761464790566858,16.01407481877348,4.483957230134276,4.141244754504715,1.0749449502822699,0.9927265178865793,0.6146031332549138,0.5242442620081649,0.14103310309458783,21.14275848357697,23.907834294264756,18.97464605983237,20.584772986491153,5.763757363943621,5.323228729582388,1.3817531156152227,1.2760680988207227,0.7900216601965113,0.6738727803530508,0.18128642732323919
18,Cher,229014,50941,22.24361829407809,178073,77.75638170592191,3996,1.7448714925725064,2.244023518444683,1394,0.6086964115730916,0.7828250211991711,172683,75.40281380177632,96.97315146035615,41753,38075,33693,32966,9157,9554,1925,2106,1479,1630,345,18.231636493838803,16.62562114106561,14.712201000812177,14.394753159195508,3.9984455098814915,4.171797357366799,0.8405599657662851,0.9195944352746994,0.6458120464251094,0.7117468801033998,0.1506458120464251,24.178986929807795,22.049072578076593,19.511474783273396,19.09047213680559,5.302780238934926,5.532681271462738,1.1147594146499655,1.2195757544170531,0.8564826879310644,0.9439261537036072,0.19978805093726656
19,Corrèze,185277,34299,18.512281610777375,150978,81.48771838922262,3427,1.8496629371157778,2.269867132959769,1937,1.045461660108918,1.2829683794989999,145614,78.59259379199793,96.44716448754123,25253,39218,30358,25427,9263,7049,4253,2319,1094,1051,329,13.629862314264587,21.167225289701367,16.385196219714267,13.723775751982167,4.999541227459425,3.804573692363326,2.2954819000739435,1.2516394371670525,0.5904672463392651,0.567258753110208,0.17757195982232007,17.34242586564479,26.932849863337317,20.848270083920504,17.46191987034214,6.361338882250333,4.840880684549562,2.9207356435507577,1.5925666488112407,0.7513013858557557,0.7217712582581346,0.22593981347947312
2A,Corse-du-Sud,108781,33758,31.03299289397965,75023,68.96700710602035,1208,1.110488044787233,1.6101728803167028,948,0.8714757172668021,1.2636124921690681,72867,66.98504334396632,97.12621462751423,20857,13022,10085,18714,2546,2218,3948,657,485,218,117,19.173385058052418,11.970840496042507,9.270920473244407,17.203371912374404,2.340482253334682,2.03895900938583,3.629310265579467,0.6039657660804736,0.44584991864388085,0.20040264384405365,0.10755554738419394,28.623382326704817,17.87091550358873,13.840284353685481,25.682407674255835,3.494037081257634,3.043901903467962,5.418090493639096,0.9016427189262629,0.6655962232560693,0.29917520962850125,0.16056651158960847
2B,Haute-Corse,124862,40894,32.75135749867854,83968,67.24864250132146,1506,1.2061315692524548,1.7935403963414636,954,0.7640435040284473,1.1361471036585367,81508,65.27846742804056,97.0703125,22183,15506,11121,20684,3234,2244,4819,723,482,277,235,17.76601367910173,12.418510035078727,8.906632922746713,16.565488299082187,2.590059425605869,1.7971840912367254,3.859460844772629,0.5790392593423139,0.38602617289487595,0.22184491678813412,0.18820778139065528,27.21573342493988,19.023899494528145,13.644059478824163,25.37665014477107,3.9677086911714192,2.753103989792413,5.912303086813564,0.8870294940373952,0.5913529960249301,0.3398439416989743,0.2883152573980468
21,Côte-d'Or,360654,68674,19.041519018227998,291980,80.95848098177201,5134,1.42352504062065,1.7583396123022126,1721,0.4771886628181027,0.5894239331461059,285125,79.05776727833324,97.65223645455168,64202,67436,50859,60624,16810,14980,2635,2818,2457,1795,509,17.801549407465327,18.69825372794978,14.101881581793076,16.8094628092299,4.660977002889196,4.153565467179069,0.7306171566099364,0.781358310180949,0.6812623733550716,0.49770694349709144,0.1411324981838549,22.517141604559406,23.651380973257343,17.837439719421305,21.262253397632616,5.895659798334064,5.253836036825954,0.9241560718982902,0.9883384480491013,0.8617273125822007,0.6295484436650592,0.17851819377466024
22,Côtes-d'Armor,455960,71620,15.70751820335117,384340,84.29248179664883,6362,1.3952978331432582,1.6553051985221416,3009,0.6599263093253794,0.7829005567986679,374969,82.2372576541802,97.56179424467919,61703,104969,76013,68916,32260,15958,3554,5468,2479,3028,621,13.532546714624088,23.021536976927802,16.670979910518465,15.114483726642689,7.075182033511712,3.499868409509606,0.7794543380998333,1.199228002456356,0.5436880428107729,0.664093341521186,0.1361961575576805,16.455493654142074,27.994047507927323,20.271809136221925,18.379119340532153,8.603377879238018,4.255818480994429,0.9478116857660233,1.4582538823209386,0.6611213193624006,0.8075334227629485,0.16561369073176715
23,Creuse,93113,19917,21.39013886353141,73196,78.6098611364686,1950,2.094229592001117,2.6640800043718236,995,1.0685940738672366,1.3593638996666486,70251,75.44703747060024,95.97655609596153,13966,15807,14827,12637,5494,3521,1352,1209,580,684,174,14.998979734301333,16.976147261929054,15.923662646461825,13.571681720060571,5.90035762997648,3.7814268684286834,1.451999183787441,1.2984223470406926,0.6228990581336655,0.7345913030403918,0.18686971744009967,19.8801440548889,22.50074732032284,21.1057493843504,17.988356037636475,7.820529245135301,5.012028298529558,1.9245277647293275,1.7209719434598796,0.8256110233306289,0.9736516206175001,0.24768330699918864
24,Dordogne,314020,57520,18.317304630278326,256500,81.68269536972167,5047,1.6072224699063755,1.9676413255360625,2743,0.8735112413222088,1.0693957115009747,248710,79.20196165849309,96.96296296296296,52044,55945,57132,42510,15783,11424,6050,3578,2128,1626,490,16.573466658174638,17.81574422011337,18.193745621298007,13.537354308642763,5.0261129864339855,3.6379848417298257,1.9266288771415834,1.1394178714731547,0.6776638430673205,0.5178014139226801,0.1560410164957646,20.9255759720156,22.494069398094165,22.971332073499255,17.092195729966626,6.345945076595232,4.5933014354066986,2.4325519681556833,1.4386232962084355,0.8556149732620321,0.6537734711109324,0.19701660568533633
25,Doubs,368401,76199,20.68371149915445,292202,79.31628850084554,5807,1.5762715084921048,1.987323837619181,2216,0.6015184540758576,0.7583794772109704,284179,77.13849853827757,97.25429668516985,66635,63954,50803,59929,16318,14733,2532,3565,3129,2051,530,18.08762734085955,17.359887731032217,13.790136291703877,16.267328264581256,4.429412515166897,3.999174812229066,0.6872945513177217,0.9676955274279928,0.8493462287018765,0.5567303020350108,0.14386497322211395,23.44824916689833,22.50482970240588,17.877112664904864,21.088468887567345,5.742155472431108,5.184408418637549,0.8909877225269989,1.2544910074284166,1.1010665812744784,0.7217282065177231,0.18650216940731018
26,Drôme,369489,73213,19.81466295343028,296276,80.18533704656973,5467,1.4796110303689691,1.845238898864572,2069,0.5599625428632518,0.698335335970514,288740,78.14576347333751,97.45642576516491,68996,63214,57986,53403,17385,14997,3868,3174,2988,2196,533,18.673356987623446,17.108493080984818,15.69356597896013,14.453204290249507,4.705146837930223,4.058848842590713,1.0468511917810814,0.8590242199361822,0.8086844263293359,0.5943343374227649,0.14425327952929587,23.89554616610099,21.89305257324929,20.08242709704232,18.495185980466854,6.020987739835146,5.193946110687816,1.3396134931079864,1.0992588487913002,1.034841033455704,0.76054581976865,0.1845951374939392
27,Eure,427533,82218,19.230796219239217,345315,80.76920378076078,6006,1.4048038397036018,1.7392815255636158,2534,0.5927027855159719,0.7338227415548123,336775,78.7716971555412,97.52689573288157,98717,66986,58844,63436,16999,19096,2602,3933,2927,2633,602,23.089913527142933,15.668030304093486,13.763615908011777,14.83768504419542,3.9760673445090786,4.466555798031965,0.608607990494301,0.9199289879377731,0.684625514287786,0.6158588927638334,0.14080784407285518,29.312448964442133,19.89043129685992,17.47279340806176,18.836315047138296,5.047583698314899,5.670254621037785,0.772622670922723,1.1678420310296191,0.8691262712493505,0.7818276297231089,0.1787543612203994
28,Eure-et-Loir,301466,60474,20.059973595695702,240992,79.9400264043043,4533,1.503652153144965,1.8809753020847166,1680,0.5572767741635872,0.697118576550259,234779,77.87909747699575,97.42190612136503,58886,51038,38035,51275,12317,14103,1942,2659,2253,1817,454,19.53321435916488,16.92993571414355,12.616679824590502,17.008551544784485,4.085701206769586,4.678139491683972,0.644185413943861,0.8820231800601063,0.7473479596372393,0.6027213682471656,0.150597413970398,25.08145958539733,21.738741539916262,16.200341597843078,21.83968753593805,5.246210265824456,6.006925662005546,0.8271608619169517,1.1325544448183185,0.9596258609160104,0.7739193028337288,0.19337334259026573
29,Finistère,690570,120636,17.46904730874495,569934,82.53095269125505,9452,1.3687243871005113,1.6584376436569848,3298,0.47757649477967473,0.5786634943695235,557184,80.68465180937487,97.7628988619735,77366,164094,109607,99965,60781,22737,6192,8250,3697,3638,857,11.203208943336664,23.76210956166645,15.871960843940514,14.47572295350218,8.801569717769379,3.2924975020635125,0.896650592988401,1.1946652765107086,0.5353548517891018,0.5268111849631464,0.12410038084480937,13.88517976108431,29.450594417643007,19.671598610153918,17.941111015391684,10.908604697909489,4.0806986560992415,1.111302549965541,1.48065988973122,0.6635151045256145,0.6529261428899609,0.15380915460601882
30,Gard,537939,107277,19.942223932453306,430662,80.0577760675467,7032,1.3072114124463927,1.6328350307201471,2948,0.5480175261507345,0.6845275413201072,420682,78.20254712894956,97.68263742795975,123273,79006,90905,72366,20473,17808,5946,4044,4096,2092,673,22.915795285339044,14.686795342966397,16.898756178674535,13.45245464634466,3.8058218496892766,3.310412518891547,1.1053297864627774,0.7517580989666115,0.761424622494372,0.38889167730913726,0.1251071218112091,29.303131581574682,18.780456496831334,21.608958785971353,17.20206711958201,4.866621343437561,4.233126209345777,1.413419162217542,0.961296180963293,0.9736570616284985,0.4972877375309616,0.1599783209169872
31,Haute-Garonne,906653,171295,18.893115668287646,735358,81.10688433171235,11389,1.2561586406265681,1.5487694429107999,5098,0.562287887427715,0.6932677688962383,718871,79.28843780365807,97.75796278819297,120105,190021,170277,118556,60150,27805,14438,7105,5958,3167,1289,13.247074680169813,20.958514448195725,18.780834564050412,13.0762265166497,6.634291178653797,3.0667741682870955,1.5924504744372987,0.7836515182765622,0.6571422583943362,0.3493067358735922,0.14217126066973804,16.70744820698011,26.433254366917012,23.6867254347442,16.491971438547388,8.367287037590888,3.8678705915247655,2.008427103054651,0.9883553516555822,0.8287996038232173,0.4405519209983433,0.1793089441638347
32,Gers,144959,23027,15.885181327133878,121932,84.11481867286612,2166,1.4942156057919824,1.776399960633796,1083,0.7471078028959912,0.888199980316898,118683,81.87349526417815,97.3354000590493,23387,27775,23089,21312,9527,5378,5059,1254,1037,677,188,16.13352741119903,19.160590235859797,15.927952041611764,14.702088176656847,6.572203174690775,3.710014555839927,3.489952331348864,0.8650721928269373,0.7153746921543332,0.46702860808918384,0.12969184390068916,19.70543380265076,23.402677721324874,19.454344767152836,17.957078941381663,8.027265910029238,4.531398768147081,4.262615538872459,1.0565961426657566,0.8737561403065308,0.5704271041345432,0.15840516333426016
33,Gironde,1086968,216588,19.92588558264825,870380,80.07411441735175,13904,1.2791544921285631,1.597463177003148,5661,0.520806500283357,0.6504055699809279,850815,78.27415342493983,97.75213125301593,155319,222282,185857,145283,64300,35530,16459,13233,7045,3980,1527,14.28919710607856,20.449728050871784,17.09866343811409,13.365894856150318,5.915537531923663,3.2687254822589074,1.514212009921175,1.2174231440115992,0.6481331557138756,0.3661561333912314,0.14048251650462573,18.255319899155513,26.125773523033796,21.844584310337737,17.0757450209505,7.557459612254133,4.175995956817875,1.9344980988816607,1.555332240263747,0.8280295951528828,0.4677867691566322,0.17947497399552195
34,Hérault,800342,159318,19.90624008236479,641024,80.09375991763521,10049,1.2555882360290975,1.567648013178914,4131,0.5161543440179324,0.6444376497603834,626844,78.32201733758818,97.7879143370607,161119,128621,143996,110339,36180,23159,8461,5660,5919,2496,894,20.131268882552707,16.070754752343372,17.991808501865453,13.786481279253119,4.520567457411957,2.893637969767924,1.0571730585174837,0.7071976729947947,0.7395588385965001,0.3118666769955844,0.11170224728928382,25.70320526319148,20.5188212697258,22.97158463668792,17.60230615591758,5.771770966939143,3.6945396302748374,1.3497776161213955,0.9029359776914192,0.944254072783659,0.39818519440243505,0.14261921626433371
35,Ille-et-Vilaine,730142,116720,15.985931503734891,613422,84.01406849626511,9978,1.3665834864998863,1.62661267447206,4109,0.5627672425363833,0.669848815334305,599335,82.08471776722884,97.70353851019364,84646,181373,118094,114034,53418,26822,4531,7065,3993,4338,1021,11.593087372045439,24.84078439536419,16.174114076439924,15.618057857238728,7.3161111126328855,3.673531997885343,0.6205642190149314,0.9676199972060229,0.5468799219877777,0.5941310046538892,0.13983581275970974,14.123320013014423,30.26237413132889,19.704172124104215,19.026754653073823,8.912878440271301,4.475293450240684,0.7560045717336715,1.1788065105491918,0.666238414242452,0.7238022141206504,0.1703554773206971
36,Indre,170409,34911,20.48659401792159,135498,79.51340598207841,3081,1.8080030984278999,2.2738343001372714,1483,0.8702591999248867,1.09448109935202,130934,76.83514368372563,96.63168460051071,31985,27301,24938,25476,7786,7177,1728,1757,1098,1390,298,18.769548556707687,16.02086744244729,14.634203592533257,14.949914617185712,4.569007505472129,4.211632014741006,1.0140309490695913,1.0310488295805973,0.6443321655546362,0.8156846175964884,0.17487339283723277,24.428337941252845,20.850963080636046,19.046237035452975,19.457131073670705,5.9465074006751495,5.481387569309729,1.3197488811156766,1.34189744451403,0.8385904348755863,1.0616035559900407,0.2275955825072174
37,Indre-et-Loire,428871,80171,18.693499910229416,348700,81.30650008977058,6210,1.4479878564883146,1.7809004875250931,2585,0.6027453476686463,0.7413249211356467,339905,79.25576688561362,97.47777459133926,64522,83165,65931,72196,22898,18452,2929,3907,2620,2606,679,15.044617145948317,19.391611929927645,15.373154165238498,16.833966390826145,5.3391346115731775,4.302459247652558,0.682955947126292,0.9109965467471571,0.6109063098227672,0.6076419249611188,0.15832266578994617,18.982362718995013,24.467130521763433,19.39689030758594,21.24005236757329,6.736588164340036,5.428575631426428,0.8617113605272061,1.149438813786205,0.7708036068901605,0.7666848089907474,0.19976169812153396
38,Isère,856508,177674,20.743997720978673,678834,79.25600227902133,12030,1.4045402961793703,1.7721563740178012,4297,0.5016882504308191,0.6329971686745213,662507,77.34977373241114,97.59484645730768,147908,164089,135947,112925,43652,33773,6537,6383,6558,3595,1140,17.268723701354805,19.157906289258246,15.8722393719615,13.184348540819233,5.096508147034236,3.9431038589248435,0.7632152881234034,0.7452353042820382,0.7656671041017714,0.41972754486823244,0.1330985816828331,22.325499956981588,24.767889244943827,20.52008507079925,17.04510291966726,6.588911513387783,5.0977574576570515,0.9867065555533752,0.9634615181424497,0.9898763333821379,0.542635775923877,0.17207365356139634
39,Jura,190332,36524,19.189626547296303,153808,80.8103734527037,3168,1.6644599962171363,2.0597108082804536,1071,0.5627009646302251,0.6963226880266307,149569,78.58321249185633,97.24396650369292,36110,31896,30331,28373,7589,8533,1994,1980,1330,1148,285,18.972111888699747,16.75808587100435,15.935838429691277,14.907109682029295,3.9872433432108103,4.483218796629048,1.0476430658008111,1.0402874976357102,0.6987789756845932,0.6031565895382804,0.14973835193241283,24.142703367676457,21.325274622415073,20.278934806009268,18.969840006953312,5.073912374890519,5.705059203444564,1.3331639577719983,1.3238037293824254,0.8892216970094071,0.7675387279449618,0.1905475065020158
40,Landes,310197,55411,17.863164376186745,254786,82.13683562381325,4847,1.5625554083372826,1.9023808215522044,1948,0.6279880205159947,0.7645632020597678,247991,79.94629219495998,97.33305597638802,44977,61073,49976,42487,21558,11024,10490,2876,1919,1238,373,14.499495481903434,19.6884560456742,16.111052008884677,13.696779788328062,6.949777077147748,3.553870604809202,3.381721937994242,0.9271527448685835,0.6186391228799762,0.39910121632382,0.12024616614602977,18.136545277852825,24.627103402946073,20.15234423829897,17.13247658181144,8.693057409341467,4.445322612514164,4.229992217459504,1.1597195059498127,0.7738184047001706,0.4992116649394534,0.15040868418611966
41,Loir-et-Cher,245321,46325,18.883422128558095,198996,81.1165778714419,3692,1.5049669616543222,1.8553136746467265,1566,0.6383473082206578,0.7869504914671652,193738,78.97326360156693,97.35773583388611,48662,40639,31576,42756,10956,11646,1843,2198,1516,1542,404,19.836051540634518,16.565642566270313,12.87129923651053,17.428593557013055,4.465985382417323,4.747249522054777,0.75126059326352,0.895968954961051,0.6179658488266394,0.628564207711529,0.16468219190366906,25.11742662771372,20.976266917176805,16.298299765662904,22.068979756165543,5.65505992629221,6.011211016940404,0.9512847247313381,1.1345218800648298,0.7825000774241501,0.7959202634485749,0.20852904437952285
42,Loire,510806,108835,21.306523415934816,401971,78.69347658406518,7841,1.5350250388601543,1.9506382301210785,2763,0.5409098561880636,0.6873630187252314,391367,76.61754168901696,97.36199875115369,94222,90677,73388,71848,22698,22689,5041,4107,3483,2547,667,18.445750441459182,17.751749196368095,14.367098272142456,14.065613951284833,4.443565658978164,4.441803737622503,0.986871728209927,0.8040234453001727,0.6818635646409792,0.4986237436521889,0.13057794935846487,24.075100864406043,23.16930144851252,18.751708754187245,18.35821620116157,5.799671408166759,5.797371776363362,1.2880493245470364,1.0493986462834117,0.8899575079145662,0.6507958003612977,0.17042826809618591
43,Haute-Loire,177158,32875,18.55688142787794,144283,81.44311857212206,3324,1.8762912202666546,2.3038057151570177,1385,0.7817880084444393,0.9599190479820907,139574,78.78503934341097,96.73627523686089,32185,32819,25418,25956,7435,8346,3112,1928,1050,1043,282,18.16739859334605,18.525271226814482,14.347644475552896,14.65132819291254,4.1968186590501135,4.711048894207431,1.7566240305264227,1.0882940651847504,0.5926912699398278,0.5887399948068955,0.15917994106955374,23.05945233352917,23.513691661770817,18.211128147076103,18.59658675684583,5.326923352486853,5.9796237121526925,2.2296416237981287,1.381346095977761,0.7522891082866436,0.7472738475647327,0.20204336051127003
44,Loire-Atlantique,993538,162601,16.36585616252222,830937,83.63414383747778,14632,1.472716695284931,1.760903654549021,4848,0.4879531532764726,0.5834377335465866,811457,81.67347398891638,97.6556586119044,111194,232602,178357,159703,65140,36546,6029,9618,6129,4785,1354,11.191720900458764,23.41148501617452,17.951703910670755,16.074171294907693,6.556367245138082,3.678369624513607,0.6068212791055803,0.9680555751264672,0.6168863193959365,0.4816121778935481,0.13628064553142405,13.70300582778878,28.6647351615674,21.979846128630353,19.681018217847647,8.02753565500082,4.503750660848326,0.7429845327602078,1.185275375035276,0.7553080446653365,0.5896800446604071,0.16686035119544226
45,Loiret,452607,87974,19.437171762699208,364633,80.56282823730079,6397,1.4133674468136816,1.7543667194137667,2664,0.588590101346201,0.7305976145878185,355572,78.56087068914091,97.51503566599841,83662,83506,58134,75655,20438,21128,3203,3655,3109,2380,702,18.484468865925628,18.450001878008955,12.844255612485004,16.715384428433495,4.515617301544165,4.668067440406357,0.7076779634428986,0.807543851509146,0.6869093938008028,0.5258425079594439,0.15510144562501244,23.528849290720306,23.48497631984521,16.349431338800578,21.27698468945811,5.747921658623289,5.941975183647756,0.9008020879034344,1.0279212086441,0.8743658105812606,0.6693440428380187,0.19742836893793664
46,Lot,136305,22305,16.364036535710355,114000,83.63596346428965,1914,1.404203807637284,1.6789473684210527,1301,0.9544770918161477,1.1412280701754385,110785,81.27728256483621,97.1798245614035,17864,29527,26014,18459,7950,4550,3073,1528,871,723,226,13.105902204614651,21.662448186053336,19.08513994350904,13.542423241994058,5.832507978430725,3.338102050548403,2.254502769524229,1.1210153699424086,0.6390081068192656,0.5304280840761528,0.16580462932394263,16.124926659746354,26.652525161348557,23.4815182560816,16.66200297874261,7.176061741210453,4.1070542040890015,2.773841223992418,1.3792480931534052,0.7862075190684659,0.6526154262761205,0.20399873629101412
47,Lot-et-Garonne,240931,46805,19.42672383379474,194126,80.57327616620526,3660,1.5191071302572106,1.8853734172650751,1644,0.6823530388368454,0.8468726497223453,188822,78.3718159971112,97.26775393301259,47271,39253,36018,34828,10639,9407,6083,2292,1660,1044,327,19.620140206117103,16.2922164437121,14.949508365465631,14.455591019835554,4.4157870925700715,3.9044373700354047,2.5247892550149214,0.9513097110791057,0.6889939443243086,0.4333190830569748,0.13572350590002946,25.034688754488354,20.78836152566968,19.0751077734586,18.444884600311404,5.634407007658006,4.981940663693849,3.2215525733230237,1.213841607439811,0.8791348465750812,0.5529016745930029,0.1731789727891877
48,Lozère,59508,9949,16.71876050278954,49559,83.28123949721046,854,1.435101162868858,1.723198611755685,558,0.9376890502117362,1.1259307088520754,48147,80.90844928412987,97.15087067939224,9097,10463,9483,10986,2733,2197,1764,683,354,294,93,15.287020232573772,17.582509914633327,15.935672514619883,18.46138334341601,4.592659810445655,3.6919405794178934,2.9643073200241985,1.1477448410297775,0.594877999596693,0.49405122000403306,0.15628150836862273,18.89421978524103,21.73136436330405,19.695931210667332,22.817621035578544,5.676366128730762,4.563108812594762,3.66377967474609,1.4185722890315076,0.7352483020748957,0.6106299457910149,0.19315845224001496
49,Maine-et-Loire,569425,97038,17.041401413706808,472387,82.95859858629319,9769,1.715590288448874,2.0680077986904806,3662,0.6431048865083198,0.7752118496063609,458956,80.59990341133599,97.15678035170315,77935,121685,78293,108888,29553,25321,3483,5696,3439,3860,803,13.686613689247926,21.369802871317557,13.749484128726348,19.1224480835931,5.189972340518945,4.4467664749528035,0.6116696667691092,1.0003073275672827,0.6039425736488563,0.6778768055494577,0.14101944944461517,16.9809306338734,26.51343483906954,17.058933753998204,23.725150123323367,6.439179354883692,5.51708660525192,0.7588962776388151,1.2410775760639365,0.7493093019810178,0.8410392281613052,0.17496230575480004
50,Manche,379104,70202,18.517873723305478,308902,81.48212627669452,5639,1.4874546298641007,1.8254980543991297,2285,0.6027369798261163,0.7397168033874821,300978,79.3919346670043,97.43478514221339,61736,74798,51135,64992,19277,17102,2524,4146,2050,2595,623,16.284713429560227,19.730205959314596,13.48838313497088,17.143580653329956,5.084884358909428,4.511163163670127,0.6657803663374694,1.093631299063054,0.5407487127542838,0.6845087363889593,0.16433485270532625,20.51179820451993,24.85165028673192,16.989613858820245,21.593604848194882,6.4047870608483,5.6821428808750145,0.8385994989667019,1.3775093196180452,0.6811129052621786,0.8621892630026116,0.2069918731601645
51,Marne,381693,81261,21.28962281205052,300432,78.71037718794948,4767,1.2489094638885176,1.586715130212494,1896,0.496734286455345,0.6310912286307717,293769,76.96473343760562,97.78219364115674,82473,60958,44424,65080,13683,16896,2351,2762,2441,2176,525,21.607155488835268,15.970426494591203,11.63867296492207,17.050351984448234,3.584818165384222,4.426594147652694,0.6159400355783313,0.7236181957751386,0.6395191947455154,0.5700916705310288,0.13754509514190724,28.074099036998458,20.75031742627711,15.122085720412977,22.153460712328393,4.657741286521042,5.751457778050101,0.8002886621801484,0.9401945065680859,0.8309249784694778,0.740718047173119,0.178711845021088
52,Haute-Marne,134148,28769,21.44571667113934,105379,78.55428332886066,2120,1.5803440975638845,2.011786029474563,819,0.6105197244834064,0.7771946972356921,102440,76.36341950681337,97.21101927328975,34027,18438,15380,19590,4292,6417,1126,1233,813,926,198,25.365268211229385,13.74452097683156,11.46494916062856,14.603273995885141,3.1994513522378267,4.78352267644691,0.8393714404985538,0.9191340907057876,0.606047052509169,0.6902823746906402,0.1475981751498345,33.216516985552516,17.998828582584927,15.013666536509177,19.123389301054274,4.189769621241703,6.264154627098789,1.0991800078094494,1.203631393986724,0.7936352987114408,0.9039437719640765,0.19328387348691917
53,Mayenne,222325,36392,16.368829416394917,185933,83.63117058360508,4111,1.8490947936579332,2.211011493387403,1590,0.715169234229169,0.8551467464086526,180232,81.06690655571798,96.93384176020395,30465,46938,26798,48772,10247,10107,1525,2242,1182,1627,329,13.702912403013606,21.112335544810527,12.053525244574384,21.937254020015743,4.6090183290228275,4.546047453052963,0.6859327561003036,1.0084335994602496,0.531654109974137,0.7318115371640616,0.14798155852918027,16.903213635758355,26.043100004438724,14.868613786674953,27.06067734919437,5.685449864618936,5.607772204713924,0.8461316525367305,1.243952239335967,0.6558213857694527,0.90272537618181,0.18254250077677658
54,Meurthe-et-Moselle,495091,106595,21.530385323102216,388496,78.46961467689778,6469,1.3066284784009405,1.6651394094147687,2361,0.47688202774843413,0.6077282648984803,379666,76.68610417074841,97.72713232568675,98194,83703,77300,62654,23626,19331,3236,4483,3458,2948,733,19.833525553888073,16.906588889719266,15.613291293923742,12.655047253939175,4.7720520066008065,3.9045347218996107,0.6536172138051388,0.9054901018196655,0.698457455296097,0.5954460897087607,0.1480535901480738,25.863258759014503,22.046482961339702,20.36000063213456,16.502399477435432,6.222837968108812,5.091580494434582,0.8523280989079874,1.1807746809037418,0.9108005457428372,0.7764719516627773,0.1930644303150664
55,Meuse,137634,27855,20.238458520423734,109779,79.76154147957627,1907,1.3855588008776902,1.737126408511646,827,0.6008689713297586,0.7533316936754753,107045,77.77511370736882,97.50954189781288,34602,20713,16020,19287,4918,6802,1294,1430,856,886,237,25.140590261127336,15.049333740209542,11.639565804960982,14.013252539343476,3.5732449830710435,4.942092796837991,0.9401746661435402,1.0389874594940203,0.6219393463824345,0.6437362860920993,0.17219582370635164,32.32472324723247,19.34980615628941,14.965668644028213,18.017656125928347,4.5943294875986735,6.354336961091129,1.2088374048297446,1.335886776589285,0.79966369283946,0.8276892895511234,0.22140221402214022
56,Morbihan,577012,96113,16.657019264763992,480899,83.34298073523601,8518,1.4762257977303765,1.7712658999082969,3546,0.6145452780878041,0.7373689693677883,468835,81.25220965941783,97.49136513072392,82927,130639,82020,97900,34368,22411,4820,6309,3249,3291,901,14.37179816017691,22.64060366162229,14.214609054924335,16.96671819650198,5.956201950739326,3.8839746833688036,0.8353379132496378,1.0933914719277935,0.5630732116489778,0.5703520897312361,0.15614926552654015,17.687885930018023,27.86460055243316,17.494427677114547,20.881546812844604,7.330510734053558,4.7801465334286055,1.0280802414495505,1.3456759840882186,0.6929943370268858,0.7019527125747864,0.19217848496805912
57,Moselle,751271,177501,23.626760516511354,573770,76.37323948348865,11146,1.4836190935095326,1.942590236505917,3398,0.452300168647532,0.5922233647628841,559226,74.43732022133159,97.46518639873119,158552,117738,100117,96003,29480,32525,5763,6975,5977,4929,1167,21.10450157133711,15.67184145268485,13.326349612856081,12.778744288013247,3.924016766253456,4.329329895603584,0.7671000211641339,0.9284266263438892,0.7955850818146848,0.6560881492830151,0.15533675597753674,28.352043717566776,21.053742136452883,17.90277991366639,17.167120269801476,5.2715717795667585,5.816074359918888,1.0305314845876263,1.2472596052400997,1.0687986610064626,0.8813967877030038,0.2086812844896339
58,Nièvre,159426,35468,22.247312232634577,123958,77.75268776736543,2533,1.5888249093623372,2.0434340663773214,1011,0.6341500131722555,0.815598831862405,120414,75.52971284483083,97.14096710176028,29815,27354,23077,20771,7852,6443,1363,1545,958,1002,234,18.701466511108602,17.1578036204885,14.475054257147516,13.02861515687529,4.925169043945153,4.041373427169972,0.8549421048009734,0.9691016521771857,0.600905749375886,0.6285047608294758,0.14677656091227279,24.760409919112394,22.716627634660423,19.16471506635441,17.249655355689537,6.520836447589151,5.350706728453502,1.1319281811085091,1.2830733967811052,0.7955885528260833,0.8321291544172604,0.1943295630076237
59,Nord,1804668,417073,23.110788244707614,1387595,76.88921175529238,24060,1.3332092107800437,1.7339353341573007,9732,0.539268164559908,0.701357384539437,1353803,75.01673437995244,97.56470728130327,382030,268723,288115,226710,76531,65245,8535,13151,11450,10975,2338,21.168990639829595,14.890439681980286,15.96498635760151,12.562421453696745,4.240724609734311,3.6153464238297572,0.47294017514578857,0.728721293888959,0.6344657299846842,0.6081450992647955,0.12955291499599927,28.21902448140535,19.849490657060148,21.28189995147004,16.746158783811236,5.653038145136331,4.819386572492452,0.6304462318372761,0.9714116455643842,0.8457655951419816,0.8106792494919867,0.17269868658881685
60,Oise,562085,113254,20.148909862387363,448831,79.85109013761263,8040,1.4303886422871985,1.791320118262776,2998,0.5333712872608236,0.6679574271830601,437793,77.88733020806463,97.54072245455416,135176,86682,77415,76783,20534,23936,3414,4683,4666,3677,827,24.04903173007641,15.42151098143519,13.772827953067596,13.660389442877857,3.6531841269558876,4.258430664401292,0.6073814458667284,0.8331480114217601,0.8301235578248842,0.6541715221007499,0.14713077203625788,30.876692866263276,19.799768383688182,17.683014575381517,17.538654112788464,4.690344523553369,5.467424102258374,0.7798206001466446,1.0696836176000988,1.0658005038911085,0.8398946534092596,0.18890206101970566
61,Orne,208734,38340,18.367874902986575,170394,81.63212509701341,3176,1.5215537478321692,1.8639153960820216,1161,0.5562102963580442,0.6813620197894292,166057,79.55436105282321,97.45472258412855,39532,35815,24542,41084,8659,9644,1480,2147,1291,1513,350,18.938936637059605,17.158201347169125,11.757547883909664,19.682466680080868,4.148341908840917,4.620234365268716,0.7090363812316153,1.0285818314218096,0.6184905190337942,0.7248459762185365,0.1676775225885577,23.806283384620944,21.567895361231386,14.779262542380026,24.740902220321935,5.214474547896204,5.807644363080147,0.8912602299210513,1.292929536243579,0.7774438897487007,0.9111329242368584,0.21077100031916754
62,Pas-de-Calais,1090368,234194,21.478436637905734,856174,78.52156336209426,15351,1.407873305159359,1.7929766612861404,7671,0.7035239478781475,0.8959627365465431,833152,76.41016610905676,97.31106060216732,286147,153682,159342,119077,43084,41427,5832,9002,5484,8667,1408,26.24315827317016,14.0945075424077,14.61359834477901,10.920808387626929,3.9513265246228793,3.7993594823032226,0.53486529318542,0.8255928273757117,0.5029494629336151,0.7948692551505546,0.12913071550155544,34.34511349669688,18.44585381779075,19.125201643877705,14.292350015363342,5.171205254263328,4.9723219772622524,0.6999923183284682,1.0804751113842372,0.6582232293747119,1.0402663619603627,0.16899677369795668
63,Puy-de-Dôme,460939,93325,20.246713773406025,367614,79.75328622659397,7751,1.6815674091365667,2.1084615928664308,3286,0.7128925953325711,0.8938723770041401,356577,77.35882622212483,96.99766603012942,63030,96797,78417,58432,25814,15645,7348,4730,2910,2699,755,13.674260585457077,20.999958779795158,17.012446332378037,12.676731628263177,5.6003071990003015,3.3941584461284466,1.5941371851806854,1.0261661521372676,0.6313199794332872,0.5855438572132105,0.16379607713818964,17.676406498456153,27.146170392369672,21.99160349657998,16.386923441500713,7.2393900896580545,4.387551636813368,2.0607049809718516,1.326501709308228,0.8160930177773664,0.7569192628801072,0.21173547368450574
64,Pyrénées-Atlantiques,502378,97357,19.379232370844264,405021,80.62076762915574,6685,1.330671327167989,1.6505317008253892,2683,0.5340600105896357,0.6624347873320149,395653,78.75603629139812,97.68703351184259,54376,103958,78803,71858,30589,14727,29882,6371,2782,1799,508,10.823722376377946,20.693183220602812,15.685997396382803,14.303572210566545,6.088841469968828,2.9314579858194425,5.948110785106036,1.2681685901850797,0.5537662875364766,0.3580968911855217,0.10111907766661757,13.74335592046566,26.275044041116836,19.91720017287876,18.161874167515474,7.73126957207452,3.7222010195802886,7.552577637475262,1.6102493851935913,0.7031413890454514,0.4546913583367244,0.12839533631742966
65,Hautes-Pyrénées,177498,34243,19.292048361108293,143255,80.7079516388917,2420,1.3633956438945791,1.6892953125545358,1294,0.7290222988428039,0.9032843530766814,139541,78.61553369615433,97.4074203343688,25930,35002,32095,20225,9926,5868,6928,1578,1023,766,200,14.608615308341502,19.71965881305705,18.08189388049443,11.394494585854488,5.592175686486608,3.3059527431294997,3.903142570620514,0.889024101680019,0.5763445221917993,0.4315541583567139,0.11267732594170075,18.582352140231187,25.083667165922563,23.00040848209487,14.493948015278663,7.113321532739482,4.2052156713797375,4.9648490407837125,1.1308504310561054,0.7331178650002508,0.5489426046824948,0.14332705083093858
66,Pyrénées-Orientales,347914,73984,21.265025264864306,273930,78.7349747351357,4563,1.3115310105370868,1.6657540247508489,2580,0.7415625700604173,0.9418464571240829,266787,76.68188115453819,97.39239951812507,80169,49245,56392,45865,13455,9741,4634,3053,2303,1477,453,23.042763441540153,14.154359985513661,16.208603275522112,13.182855533263968,3.8673350310708967,2.79982984300718,1.331938352581385,0.877515707904827,0.6619451933523802,0.424530199991952,0.13020459078967792,30.04981502097179,18.458545581306435,21.13746172039867,17.19161728270118,5.043349188678609,3.651227383643131,1.7369661940049554,1.1443586081780597,0.8632354649964205,0.5536251766390416,0.16979837848171012
67,Bas-Rhin,766548,154353,20.136116720675027,612195,79.86388327932498,9796,1.2779369328469972,1.600143745048555,4613,0.6017887986140463,0.7535180783900555,597786,77.98415754786393,97.64633817656139,147595,133254,88376,131495,31953,39253,6419,6553,6837,4845,1206,19.254502001179315,17.383647208002632,11.529088850274217,17.154176907382183,4.168427808826062,5.120749124647119,0.8373904830486806,0.8548714496678615,0.8919206625025439,0.6320543527606881,0.1573286995726295,24.69027377690344,22.29125472995353,14.783885872201758,21.997002271715964,5.3452238761028195,6.56639667038037,1.0737956392421368,1.0962116877946289,1.1437203280103583,0.8104907107225662,0.20174443697242828
68,Haut-Rhin,526189,110395,20.980104107079395,415794,79.0198958929206,9073,1.724285380348126,2.1820901696513175,2811,0.5342186932832119,0.6760559315430237,403910,76.76139181928927,97.14185389880566,109704,79798,57856,90237,18694,28562,5004,4727,5217,3101,1010,20.848782471697433,15.165273314341423,10.995288765063503,17.149161232941015,3.5527158492480835,5.4280876263091775,0.9509890932725693,0.8983464116505666,0.9914688448447231,0.5893319700715902,0.19194623984917966,27.160506053328714,19.75638137208784,14.323983065534401,22.34086801515189,4.628258770518185,7.071377287019385,1.238889851699636,1.1703102176227378,1.2916243717659874,0.7677452897922804,0.25005570547894335
69,Rhône,1155668,249139,21.558008009220643,906529,78.44199199077936,10643,0.9209392316824555,1.1740385580604702,7402,0.6404953671815781,0.8165210379370103,888484,76.88055739191533,98.00944040400252,144485,236151,175111,205651,60113,38426,6702,7150,9187,4064,1444,12.502293046099744,20.434155830221137,15.15236209707286,17.794989564476996,5.2015803846779525,3.3250033746716188,0.5799243381317125,0.6186897967236266,0.7949514912587352,0.3516580886552193,0.12494937992572261,16.261969827256316,26.579094277443378,19.70896493352722,23.14628063082734,6.765794319312447,4.3248949896677935,0.7543185921187101,0.8047415597804801,1.0340084908675902,0.45740834950319875,0.16252402969552632
70,Haute-Saône,179214,34976,19.516332429386097,144238,80.4836675706139,2820,1.573537781646523,1.9551019842205242,1896,1.0579530617027688,1.3144941000291186,139522,77.8521767272646,96.73040391575036,43753,27332,22150,25184,6596,8176,1512,2021,1206,1325,267,24.41382927673061,15.251040655305948,12.359525483500173,14.052473579073062,3.6805160311136405,4.562143582532615,0.843684087180689,1.127702076846675,0.6729384981084067,0.7393395605254054,0.14898389634738357,31.35921216725678,19.58974211952237,15.875632516735713,18.050199968463755,4.727569845615745,5.860007740714726,1.0837000616390247,1.4485170797436964,0.864379811069222,0.9496710196241452,0.19136766961482776
71,Saône-et-Loire,406418,86755,21.346249427928882,319663,78.65375057207112,6844,1.6839805323583108,2.141004745622734,2870,0.7061695102087014,0.8978205172322102,309949,76.2636005295041,96.96117473714506,75257,69212,55249,60100,19184,18961,3153,3588,2535,2201,509,18.517142449399387,17.029757540266424,13.594132149658725,14.787730858377335,4.720263374161577,4.665393757166267,0.7758022528529741,0.8828349138079514,0.6237420586686613,0.5415606592227706,0.125240515922031,24.28044613791301,22.330125278674878,17.825190595872222,19.39028678911692,6.18940535378401,6.117458033418401,1.01726413055051,1.1576098003219883,0.8178764893579266,0.7101168256713202,0.16422056531881052
72,Sarthe,405440,73578,18.14769139700079,331862,81.85230860299922,7288,1.7975532754538277,2.1960935569604234,2132,0.5258484609313339,0.6424357112293664,322442,79.52890686661405,97.16147073181021,67082,64617,56851,92261,17195,13657,2141,3565,2074,2452,547,16.54548145224941,15.937499999999998,14.022050118389897,22.755771507498025,4.241071428571429,3.3684392265193366,0.528068271507498,0.8792916337805841,0.5115430149960537,0.6047750591949487,0.1349151539068666,20.804361714664964,20.039883141774332,17.631387970549742,28.613207956779824,5.33274201251698,4.235490413779843,0.6639953852165661,1.1056251977099758,0.643216454432115,0.7604468400518543,0.16964291252380273
73,Savoie,310256,62767,20.230712701768862,247489,79.76928729823113,4226,1.3621009746789747,1.7075506386142414,1704,0.5492238667423031,0.6885154491714783,241559,77.85796245680986,97.60393391221427,52448,55871,45013,50815,13752,13673,3152,2578,2608,1219,430,16.90474962611521,18.00803207673663,14.508341498633387,16.37841008715383,4.432468671032954,4.4070058274457224,1.0159352276829456,0.8309267185807848,0.840596152854417,0.3929013459852509,0.13859522458872672,21.71229389093348,23.12933900206575,18.63437089903502,21.03626857206728,5.693019096783809,5.660314871315082,1.304857198448412,1.0672340918781749,1.079653418005539,0.5046386183085705,0.17801034115888872
74,Haute-Savoie,540031,116267,21.52968996224291,423764,78.4703100377571,7726,1.430658610339036,1.8231846027505876,2551,0.47238028927968945,0.6019860110816397,413487,76.56727113813837,97.57482938616778,77918,100174,67077,105050,21805,24784,4649,4263,5021,1919,827,14.428430960444864,18.54967585194183,12.420953611922277,19.45258698111775,4.037731167284841,4.589366166016395,0.8608765052376623,0.7893991270871487,0.9297614396210587,0.3553499706498331,0.1531393568147014,18.844123273524925,24.226638322365638,16.222275428248047,25.405877331089005,5.273442695900959,5.993900654675963,1.1243400638956003,1.0309876731311987,1.2143066166530023,0.46410165253079294,0.20000628798487013
75,Paris,1301637,210200,16.14889558302353,1091437,83.85110441697647,10627,0.8164334603272647,0.9736704912880909,4253,0.3267424020675503,0.3896697656392444,1076557,82.70792855458166,98.63665974307267,53719,375006,210548,284744,109550,17997,5490,6799,8335,2897,1472,4.1270338811819265,28.810336522394493,16.175631147547282,21.87583788721433,8.416324981542473,1.382643548085987,0.4217765782626032,0.522342250566018,0.640347500877741,0.22256589202673246,0.11308836488206774,4.9898890630036306,34.833826727242496,19.557533878837813,26.449505228241517,10.17595909923952,1.671718264801585,0.5099590639418071,0.631550396309717,0.7742274677513592,0.2690986171656494,0.13673219346490711
76,Seine-Maritime,881658,177294,20.109157972819393,704364,79.89084202718061,14085,1.5975582368673567,1.9996763037293217,3753,0.42567526183622223,0.5328210981821899,686526,77.86760852847704,97.46750259808849,170945,145756,152394,118336,41516,33036,4383,8321,5205,5356,1278,19.38903747258007,16.532033963282817,17.284933613714163,13.421984488316333,4.708855361149108,3.747031161742989,0.49713154080153527,0.9437899956672541,0.5903649714515152,0.6074917938701855,0.1449541659010637,24.90000378718359,21.230951194856424,22.197848297078334,17.23692911848932,6.047258224743127,4.81205373139546,0.6384317564083517,1.2120444090973976,0.758165022155024,0.7801598191474176,0.18615463944555632
77,Seine-et-Marne,881558,183302,20.79295973719256,698256,79.20704026280744,13074,1.483056134706962,1.8723791847116245,4289,0.48652499325058596,0.614244632341147,680893,77.2374591348499,97.51337618294723,155609,157373,141867,121045,38782,41528,5185,6354,8197,3706,1247,17.651589572098487,17.85168984910806,16.09275850256024,13.730803872235292,4.3992567703996786,4.710750739032486,0.5881632291919533,0.7207693651467062,0.9298310491198537,0.42039207856998634,0.14145410738714867,22.853664232118703,23.11273577493086,20.83543229259223,17.777389398921713,5.695755427064164,6.0990493366799186,0.761499971361139,0.9331862715580862,1.2038602247342827,0.5442852254318961,0.18314184460700875
78,Yvelines,951148,177485,18.66008234260073,773663,81.33991765739927,10841,1.1397805599128632,1.401256102463217,3896,0.4096102814703915,0.5035784314359094,758926,79.79052681601601,98.09516546610088,98024,219061,126340,206835,52564,32906,5371,5448,8147,2872,1358,10.305861968904944,23.031221218990105,13.28289603720977,21.745827147825576,5.526374444355662,3.4596088095648625,0.5646860425506861,0.5727815229596235,0.8565438817092609,0.3019509056424447,0.14277483630307797,12.916147292357886,28.864606035371036,16.647209345838725,27.25364528293931,6.926103467268218,4.335864102692489,0.7077106331842631,0.7178565499139574,1.0734906960625936,0.3784295175023652,0.17893707686915458
79,Deux-Sèvres,272404,50961,18.707875067913836,221443,81.29212493208617,4631,1.7000484574382166,2.091283084134518,2414,0.8861837564793468,1.090122514597436,214398,78.7058927181686,96.81859440126804,38640,57826,41609,40195,14950,11356,2599,3483,1478,1869,393,14.18481373254431,21.228028956990354,15.274738990616878,14.755657038810002,5.488171979853453,4.16880809386059,0.9540975903437542,1.2786155856742192,0.5425764673059134,0.6861132729328497,0.14427100923628142,18.022556180561384,26.97133368781425,19.407363874663012,18.747842797041017,6.973012807955298,5.296691200477617,1.212231457382998,1.6245487364620936,0.6893721023517011,0.8717432065597627,0.18330394873086503
80,Somme,409014,80489,19.6787885011271,328525,80.3212114988729,6124,1.4972592625191314,1.8640894909063237,2765,0.6760159798931088,0.841640666615935,319636,78.14793625646065,97.29426984247775,97081,69520,59491,51834,14260,15462,2365,3661,2272,3111,579,23.735373361303036,16.99697320874102,14.544978900477734,12.672915841511537,3.486433227224496,3.7803106984113017,0.5782198164366011,0.8950793860356859,0.5554822084329631,0.7606096612829879,0.14155994660329474,30.372361060706552,21.74974032962495,18.612108773730117,16.21657134991052,4.461324756910987,4.837377516925502,0.7399041409603424,1.145365353089139,0.7108085447196185,0.9732946226332454,0.18114355078902253
81,Tarn,291194,50507,17.344794192188026,240687,82.65520580781197,4296,1.4753051230451177,1.784890750227474,2634,0.9045516047720763,1.0943673733936607,233757,80.27534907999478,97.12074187637887,52402,51755,48094,41052,15530,11440,7105,2721,1822,1397,439,17.99556309539345,17.773374451396666,16.51613700831748,14.097817949545663,5.333214283261331,3.928652376079177,2.4399541199337897,0.9344285939957554,0.6256997053510718,0.4797488959250534,0.15075860079534606,22.41729659432659,22.140513439169737,20.574357131551142,17.56182702550084,6.6436513131157575,4.893971089635818,3.039481170617351,1.1640293124911767,0.7794418990661243,0.5976291619074509,0.18780186261801787
82,Tarn-et-Garonne,183350,32631,17.797109353695117,150719,82.20289064630488,2551,1.3913280610853558,1.692553692633311,1367,0.7455685846741205,0.9069858478360393,146801,80.0659940005454,97.40046045953065,39183,30319,27841,25992,8567,7233,3660,1573,1337,830,266,21.37060267248432,16.536133078811016,15.184619580038177,14.176165803108809,4.6724843196073085,3.9449140987182982,1.9961821652577039,0.8579220070902646,0.7292064357785656,0.452686119443687,0.1450777202072539,26.691235073330567,20.653129065878296,18.965129665329254,17.705601460480512,5.835791309323506,4.927078153418574,2.493171027445317,1.0715185863856513,0.910756738714314,0.5653912439288561,0.18119767576515147
83,Var,794777,169107,21.277289101219587,625670,78.7227108987804,9858,1.2403479214924438,1.5755909664839294,3374,0.42452159536574413,0.5392619112311602,612438,77.05784138192222,97.8851471222849,186376,108597,94184,152316,21089,29177,6933,4655,5860,2274,977,23.450099839326,13.663832748053856,11.850368090671974,19.164621019480936,2.653448703221155,3.6710926461133124,0.8723201602462075,0.5856988815730703,0.7373137370608359,0.286117992845792,0.12292756332908476,30.43181513883854,17.73191735326678,15.378536276325114,24.87043586452833,3.443450602346686,4.764074077702559,1.1320329568054237,0.7600769384002952,0.9568315486628851,0.3713028910681571,0.15952635205522844
84,Vaucluse,402134,80585,20.03934012045736,321549,79.96065987954265,5589,1.3898352290530023,1.7381487735928272,1915,0.4762094227297368,0.5955546433047529,314045,78.0946152277599,97.66629658310242,95937,58135,60856,59546,13532,14427,3986,2805,2888,1390,543,23.85697304878473,14.456623911432507,15.133264036365986,14.807501976952956,3.3650474717382766,3.5876101001158816,0.991211884595682,0.6975286844683612,0.7181685706754465,0.34565592563672803,0.1350296169933405,30.5488066996768,18.511678262669363,19.378114601410626,18.960976930057793,4.308936617363754,4.593927621837635,1.26924485344457,0.8931840978203761,0.9196134311961661,0.4426117276186534,0.1729051569042653
85,Vendée,514461,82887,16.11142535585788,431574,83.88857464414212,8280,1.6094514452990605,1.9185585785983401,4465,0.8678986356594571,1.0345850306088875,418829,81.41122456318361,97.04685639079277,77590,109989,63155,106804,21356,24211,3810,5219,2705,3294,696,15.081804062893008,21.379463166304152,12.27595483428287,20.76036861880687,4.151140708430765,4.7060904519487385,0.7405809186702199,1.0144597938424875,0.5257930144364684,0.6402817706298436,0.1352872229381819,18.525460271375668,26.261075522468598,15.078946300280066,25.500621972213004,5.098978341996376,5.780640786573995,0.9096791291911497,1.2460932743434672,0.6458483056330866,0.7864784912219546,0.1661776047026352
86,Vienne,307014,62127,20.235885008501242,244887,79.76411499149876,4741,1.5442292533890962,1.9359949691082008,2398,0.7810718729439049,0.9792271537484637,237748,77.43881386516576,97.08477787714334,47024,59146,49061,42703,16861,11920,2861,3642,1896,2074,560,15.316565368354537,19.264919515070975,15.980053026897798,13.909137694046525,5.49193196401467,3.8825591015393437,0.9318793279785288,1.186265121460259,0.617561414137466,0.6755392262242113,0.18240210544144567,19.77892558507327,24.87760149401888,20.635715126941133,17.961454985951512,7.091962918720663,5.013711997577267,1.2033750021030671,1.5318740851658057,0.7974830492790685,0.8723522385046352,0.2355435166647038
87,Haute-Vienne,266322,50620,19.00706663362396,215702,80.99293336637604,4478,1.6814232395371016,2.0760122761958626,2810,1.0551137345018435,1.3027232014538577,208414,78.2563963923371,96.62126452235029,37937,55577,46549,32521,16136,9285,3518,3044,1557,1850,440,14.244786386404428,20.868347338935575,17.478465917197976,12.211157921613685,6.05883103911806,3.486381147633316,1.320957337358536,1.1429772981578692,0.5846306350958613,0.6946478323232778,0.1652135384985093,18.20271190994847,26.66663467905227,22.334871937585767,15.604038116441313,7.7422821883366755,4.455074994961951,1.6879864116614045,1.4605544733079352,0.7470707342117132,0.887656299480841,0.21111825501165948
88,Vosges,282612,56393,19.954212843049834,226219,80.04578715695017,4720,1.6701343184295077,2.0864737267868745,1997,0.706622507182993,0.8827728882189382,219502,77.66903033133767,97.03075338499418,63924,43604,36524,39579,10887,14323,2750,3229,2223,2004,455,22.6189970701881,15.428927292542427,12.923725814898166,14.004713175661331,3.852278034902976,5.068079203997,0.973065545695158,1.1425558716544237,0.7865908029383041,0.7090994012993078,0.1609981175604716,29.12228590172299,19.864967061803537,16.639483922697742,18.031270785687603,4.959863691447003,6.525225282685351,1.2528359650481544,1.4710572113238147,1.0127470364734719,0.9129757359841824,0.20728740512614918
89,Yonne,241918,52739,21.800362106168205,189179,78.19963789383179,3404,1.4070883522515893,1.7993540509253143,1222,0.505129837382915,0.6459490746858796,184553,76.28741970419729,97.5546968743888,52640,36234,30815,36739,8846,11668,1987,2128,1775,1380,341,21.759439148802485,14.977802395853141,12.737787184087171,15.186550814738878,3.656610917748989,4.823121884274837,0.8213526897543795,0.8796369017601006,0.733719690142941,0.5704412238857794,0.14095685314858755,28.522971720860674,19.633384447827996,16.69710056189821,19.907018580028502,4.7932030365260925,6.322303078248524,1.076655486499813,1.1530563036092611,0.9617833359522739,0.747752678092472,0.18477077045618331
90,Territoire de Belfort,95340,21608,22.664149360184602,73732,77.33585063981539,1400,1.4684287812041115,1.8987685129930014,758,0.7950492972519404,1.0280475234633537,71574,75.07237256135934,97.07318396354364,19249,14772,13672,12668,4189,3770,668,886,941,592,167,20.189846863855674,15.494021397105099,14.34025592615901,13.28718271449549,4.393748688902874,3.9542689322425004,0.7006503041745332,0.9293056429620306,0.986993916509335,0.6209355989091672,0.1751625760436333,26.893844133344512,20.638779445049877,19.101908514264956,17.69916450107581,5.852683935507307,5.267275826417414,0.9332998016039343,1.2378796769776734,1.3147232235169195,0.8271159918406126,0.23332495040098358
91,Essonne,795227,157440,19.798120536651798,637787,80.2018794633482,10240,1.2876826365301983,1.6055516967263366,4065,0.5111747966303961,0.6373601217961483,623482,78.40302203018761,97.75708818147751,102461,163389,136392,112474,42072,44792,4468,5755,7514,2924,1241,12.884497131007876,20.546208818362555,17.151329117346368,14.143634459091556,5.290564832431494,5.632605532759828,0.5618521503922779,0.7236927317608683,0.9448874346570225,0.36769375285295897,0.15605606952480236,16.433674107672715,26.20588886287014,21.87585206950642,18.039654713367828,6.747909322161666,7.184168909447266,0.7166205279382564,0.9230418841281705,1.205167109876468,0.4689790563320192,0.19904343669905467
92,Hauts-de-Seine,986730,176715,17.90915447994892,810015,82.09084552005108,12689,1.2859647522625237,1.5665142003543144,2568,0.2602535648049618,0.31703116608951687,794758,80.54462720298359,98.11645463355617,60731,256687,145289,231553,57114,21359,4747,5033,8453,2447,1345,6.1547738489759105,26.013904512886,14.72429134616359,23.466703150811266,5.7882095406038125,2.1646245680175933,0.48108398447396955,0.5100686104608151,0.8566679841496662,0.24799083842591182,0.13630881801505984,7.641445572111259,32.29750439756505,18.28091066714648,29.135032299140118,7.186338482909263,2.687484743783642,0.5972887344323681,0.6332745313667809,1.063594201002066,0.3078924653793985,0.16923390516358439
93,Seine-Saint-Denis,766302,210699,27.495556582130803,555603,72.5044434178692,10304,1.3446395807397082,1.8545616204376145,4422,0.5770570871536288,0.7958920308205679,540877,70.58274674997585,97.34954634874182,73456,130031,184037,69018,45488,16583,3159,6048,8731,3238,1088,9.585776886919255,16.96863638617673,24.016249468225322,9.006631850106093,5.936040882054334,2.1640293252529683,0.41223956090418656,0.7892449713037418,1.1393680298368007,0.42254881234813424,0.14198057684829218,13.580906564708798,24.040770822201722,34.025665724369865,12.760387296927028,8.41004516738556,3.0659466015378727,0.5840514571704842,1.1181839863776792,1.6142302223980682,0.5986573657227059,0.2011547912002174
94,Val-de-Marne,785540,164068,20.886014715991546,621472,79.11398528400845,9925,1.263462077042544,1.5970148293084807,3760,0.4786516281793416,0.6050151897430616,607787,77.37187157878657,97.79796998094847,69878,172202,149112,122814,47228,26252,3957,5226,7303,2749,1066,8.895536828169158,21.921480764824196,18.98210148432925,15.634340708302569,6.01216997224839,3.341904931639382,0.5037299182727806,0.6652748427833083,0.9296789469664181,0.3499503526236729,0.13570282862744099,11.497119879168196,28.33262310645012,24.533594828451417,20.206750062110576,7.770485383859806,4.319276325423216,0.6510504502399689,0.8598407007718165,1.2015722613349742,0.4522966104901882,0.17539039169972376
95,Val-d'Oise,730497,167560,22.937808095036665,562937,77.06219190496333,10090,1.381251394598472,1.7923852935586044,3688,0.5048617585014038,0.6551354769716683,549159,75.17607875186346,97.55247922946972,94384,138993,131635,101242,37588,24831,3980,5050,7715,2762,979,12.920518496311415,19.027182863173977,18.019923421998996,13.85933138671343,5.145537900908559,3.399192604487082,0.5448345441528165,0.6913101628069657,1.0561302784268791,0.37809874646986913,0.13401834641346919,17.18700777006295,25.310156075016526,23.9702891148101,18.43582641821403,6.844647907072451,4.521641273292435,0.7247445639605287,0.9195879517589622,1.4048754550139395,0.5029508757937137,0.1782725950043612
ZA,Guadeloupe,316345,189694,59.96427950497084,126651,40.03572049502916,5648,1.7853925303071017,4.459498938026545,8510,2.690100997328866,6.719252118025124,112493,35.56022696739319,88.82124894394833,15203,33992,27139,16337,11188,2042,658,2308,1319,1980,327,4.805829079011838,10.745230681692457,8.578924907932794,5.164298471605368,3.5366451184624377,0.6454977951287361,0.20800075866538115,0.7295832082062306,0.41694984905720023,0.6258989394490193,0.10336815818173196,13.514618687384994,30.21699127945739,24.125056670192812,14.522681411287813,9.945507720480386,1.8152240583858552,0.5849252842399083,2.0516832158445415,1.172517401082734,1.7601095179255597,0.2906847537180091
ZB,Martinique,310812,186855,60.11833519941315,123957,39.881664800586854,8132,2.6163725982265804,6.560339472559032,6345,2.0414269719315854,5.118710520583751,109480,35.223865230428686,88.32095000685722,11975,27951,29958,18444,10673,2340,871,3230,1407,2257,374,3.8528113457652857,8.992896027180418,9.638623991351686,5.934133817227134,3.433908600697528,0.7528666846839891,0.28023371041015144,1.039213415183455,0.45268522450870624,0.726162439030668,0.12032997438966321,10.938070880526125,25.5306905370844,27.36390208257216,16.846912678114727,9.748812568505663,2.1373766898063575,0.7955791012056996,2.950310559006211,1.2851662404092072,2.061563755937158,0.3416149068322981
ZC,Guyane,92035,60110,65.31210952355082,31925,34.687890476449176,3747,4.071277231488021,11.73688332028191,1344,1.460314010974086,4.209866875489428,26834,29.15629923398707,84.05324980422866,6519,5031,6633,3934,1528,471,273,1405,480,462,98,7.0831748791220726,5.466398652686478,7.207040799695768,4.274460802955398,1.6602379529526812,0.5117618297386863,0.2966262834791112,1.526593143912642,0.5215407182050307,0.501982941272342,0.10648122996686045,24.293806365059254,18.74860251919207,24.718640530670047,14.660505329060147,5.694268465379742,1.7552358947603788,1.017366028173213,5.235894760378624,1.7887754341507043,1.7216963553700528,0.3652083178057688
ZD,La Réunion,639481,264229,41.319288610607664,375252,58.680711389392336,11468,1.7933292779613468,3.056079647810005,13305,2.0805934812762223,3.5456173451440627,350479,54.80678863015477,93.39830300704594,82219,66292,85987,60508,26872,10123,1939,4376,6029,5190,944,12.85714509109731,10.366531609226858,13.446372918038222,9.462048129655143,4.202157687249504,1.5830024660623225,0.30321463812060095,0.6843049285279782,0.9427957984678201,0.8115956533501386,0.14761971035886914,23.459037488694044,18.914685330647487,24.534137566016796,17.2643724731011,7.667221145917444,2.8883328245058904,0.5532428476456507,1.248576947548926,1.7202171884763424,1.4808305205162078,0.26934566693011563
ZM,Mayotte,83045,46872,56.44168824131495,36173,43.55831175868505,960,1.1559997591667168,2.653913139634534,1744,2.100066229152869,4.8212755370027365,33469,40.30224577036547,92.52481132336273,9130,6403,2808,10912,1454,1030,190,629,411,336,166,10.994039376241796,7.710277560358842,3.3812992955626466,13.139863929195014,1.7508579685712566,1.2402914082726233,0.22879161900174605,0.7574206755373593,0.4949123968932507,0.4045999157083509,0.19989162502257815,27.278974573485915,19.131136275359285,8.389853297080881,32.60330455047955,4.344318623203561,3.0774746780602946,0.5676895037198602,1.8793510412620635,1.2280020317308553,1.0039140697361737,0.495981355881562
ZN,Nouvelle-Calédonie,189483,98257,51.855311558292826,91226,48.144688441707174,2969,1.5668951832090476,3.2545546225856663,1311,0.6918826491030858,1.4370903032030342,86946,45.88591060939503,95.3083550742113,25290,11089,7703,27065,8125,2521,695,1284,2098,836,240,13.346843780180809,5.852240042642348,4.065272346331861,14.283603278394368,4.287983618583198,1.330462363378245,0.366787521835732,0.6776333496936401,1.107223339296929,0.4412005298628373,0.1266604391950729,29.08701952936305,12.753893221079752,8.859522002162262,31.12851655050261,9.344880730568399,2.8995008396015916,0.7993467209532354,1.4767786902215168,2.4129919720286153,0.9615163434775608,0.276033400041405
ZP,Polynésie française,203936,124515,61.05591950415816,79421,38.94408049584183,1754,0.8600737486270202,2.20848390224248,2038,0.9993331241173702,2.566071945707055,75629,37.084673623097444,95.22544415205047,24599,11128,5951,26683,2203,1767,447,755,1205,690,201,12.062117527067315,5.456613839635964,2.918072336419269,13.084006747214813,1.0802408598776088,0.8664482975050996,0.2191864114231916,0.3702141848423035,0.5908716460065904,0.3383414404519065,0.09856033265338146,32.52588292850626,14.713932486215606,7.868674714725834,35.28143965938992,2.912903780295918,2.3364053471551918,0.5910431183805154,0.9982943050946066,1.5933041558132461,0.9123484377685809,0.26577106665432576
ZS,Saint-Pierre-et-Miquelon,4966,2238,45.066451872734596,2728,54.93354812726541,70,1.409585179218687,2.565982404692082,26,0.5235602094240838,0.9530791788856305,2632,53.00040273862263,96.48093841642229,478,473,933,261,217,79,54,64,36,28,9,9.625453080950464,9.524768425291985,18.787756745871928,5.255739025372534,4.36971405557793,1.5908175594039466,1.0873942811115584,1.288763592428514,0.724929520741039,0.5638340716874748,0.18123238018525975,18.161094224924014,17.97112462006079,35.4483282674772,9.916413373860182,8.24468085106383,3.001519756838906,2.0516717325227964,2.43161094224924,1.3677811550151975,1.0638297872340425,0.34194528875379937
ZW,Wallis et Futuna,8464,3053,36.07041587901701,5411,63.92958412098299,35,0.41351606805293,0.646830530401035,28,0.33081285444234404,0.517464424320828,5348,63.18525519848771,98.83570504527813,380,1630,192,1526,1349,79,29,41,50,54,18,4.489603024574669,19.25803402646503,2.2684310018903595,18.02930056710775,15.938090737240076,0.9333648393194708,0.34262759924385633,0.4844045368620038,0.5907372400756143,0.6379962192816635,0.21266540642722118,7.105459985041136,30.478683620044876,3.590127150336574,28.534031413612563,25.224382946896036,1.4771877337322363,0.5422587883320867,0.7666417352281227,0.9349289454001496,1.0097232610321616,0.3365744203440539
ZX,Saint-Martin/Saint-Barthélemy,25385,17202,67.76442781169982,8183,32.235572188300175,211,0.8311995272798898,2.5785164365147257,107,0.4215087650187119,1.307588903825003,7865,30.98286389600158,96.113894659660275,1834,1572,1153,2518,247,216,68,92,112,35,18,7.224739019105771,6.192633444947804,4.542052393145559,9.919243647823519,0.97301556037029735,0.8508961985424464,0.26787472917077015,0.36241875123104195,0.44120543628126846,0.1378766988378964,0.07090801654520386,23.318499682136046,19.987285441830895,14.659885568976478,32.015257469802926,3.1404958677685952,2.7463445645263826,0.8645899554990464,1.1697393515575334,1.4240305149396058,0.44500953591862685,0.22886204704386523
